{
    "Evenson 1-18H LOT":{
        "time format": "month real",
        "time" : [5.498983507,7.661979026,8.652306524,9.445260681,10.70963971,11.62761501,13.38029028,14.37753936,15.71740694,16.56951902,17.77041413,18.40492887,21.16101776,22.92969919,23.56691767,24.55637997,25.75716694,26.53638607,27.45490212,28.23271531,29.57539478,30.56518152,31.62645528,32.68599863,33.74813758,35.0907089,36.43533506,37.35352666,38.55636847,39.47531711,40.53659087,41.38480956,42.79973308,44.35535945,45.69933672,46.61817722,48.03277629,49.72942997,50.64913566,51.2853808,52.62914176,53.76038842,55.24571744,56.44477401,57.64902176,58.56937636,59.4891902,60.40792255,62.24733394,63.58741781,65.4961532,67.47648375,68.68019076,69.41669073,70.31984951,71.59039308,72.58483027,73.50431966,74.35167316,75.40991872,77.03324685,78.15941047,78.65235715,85.44156748,86.58146612,88.56298631,89.76409773,90.32809881,91.59972387,92.31059235],
        "production" : [22433.84168,9866.089868,9912.444703,16243.10689,12528.12757,11886.3737,5281.724414,8263.862443,6567.268585,7989.702761,7348.086957,6476.836964,5469.007611,5653.356958,5928.897275,5608.279211,4920.791794,5425.759206,5013.363401,4921.99985,4418.067916,4235.064689,4373.197264,3777.384041,4282.489516,3732.685969,4054.443057,3504.432415,3688.505635,3459.596279,3597.728855,3368.784983,3507.090138,3324.363038,3370.890452,3096.109484,3096.799802,2730.655284,2822.847215,2685.543021,2640.327211,2457.393015,2458.117849,1036.684634,1817.088815,2184.510421,2322.573965,2001.921384,2186.305247,581.4546145,169.5420317,124.6368641,675.6829831,13061.36349,6135.198725,5034.901313,6824.37742,6824.826126,6228.909356,5082.636784,3615.539052,1276.639073,359.4484361,-4.210938084,3482.583859,3942.266428,3392.393849,2612.852565,1971.271278,3485.379646]
    }
}


